customer_id,external_code,name,status,batch,timestamp,error
35520,ODOO-PARTNER-35520,0104 HERO GONDANGDIA,success,1,2026-10-07T05:33:33.768669+00:00,
35524,ODOO-PARTNER-35524,0112 HERO KEMANG VILLA,success,1,2026-10-07T05:33:33.768669+00:00,
35525,ODOO-PARTNER-35525,0210 HERO PONDOK INDAH MALL,success,1,2026-10-07T05:33:33.768669+00:00,
35522,ODOO-PARTNER-35522,0310 HERO TAROGONG,success,1,2026-10-07T05:33:33.768669+00:00,
35518,ODOO-PARTNER-35518,0329 DC CBT JKT FRESH EACH FT,success,1,2026-10-07T05:33:33.768669+00:00,
35517,ODOO-PARTNER-35517,0338 HERO TAMAN ANGGREK,success,1,2026-10-07T05:33:33.768669+00:00,
35519,ODOO-PARTNER-35519,0350 HERO PURI INDAH MALL,success,1,2026-10-07T05:33:33.768669+00:00,
35521,ODOO-PARTNER-35521,0601 HERO PERMATA HIJAU,success,1,2026-10-07T05:33:33.768669+00:00,
39353,ODOO-PARTNER-39353,07 AM BAKERS CLUB,success,1,2026-10-07T05:33:33.768669+00:00,
1655,ODOO-PARTNER-1655,07 AM BAKERS CLUB,success,1,2026-10-07T05:33:33.768669+00:00,
35515,ODOO-PARTNER-35515,1013 HERO THE GROVE ALAM SUTERA,success,1,2026-10-07T05:33:33.768669+00:00,
45053,ODOO-PARTNER-45053,1015 HERO TAMAN YASMIN,success,1,2026-10-07T05:33:33.768669+00:00,
44359,ODOO-PARTNER-44359,1016 HERO 23 SEMARANG SHOPPING CENTRE,success,1,2026-10-07T05:33:33.768669+00:00,
40520,ODOO-PARTNER-40520,12 KITCHEN & WINE,success,1,2026-10-07T05:33:33.768669+00:00,
40360,ODOO-PARTNER-40360,163 MART,success,1,2026-10-07T05:33:33.768669+00:00,
35668,ODOO-PARTNER-35668,2 MARKET CITY PIK,success,1,2026-10-07T05:33:33.768669+00:00,
40427,ODOO-PARTNER-40427,2 ROOTS,success,1,2026-10-07T05:33:33.768669+00:00,
44690,ODOO-PARTNER-44690,2020 JAKARTA,success,1,2026-10-07T05:33:33.768669+00:00,
31278,ODOO-PARTNER-31278,2080 BURGER NUSA DUA,success,1,2026-10-07T05:33:33.768669+00:00,
38526,ODOO-PARTNER-38526,25 PM COFFEE,success,1,2026-10-07T05:33:33.768669+00:00,
